dataset,foundational_model,adapter,n_features,n_components,context_length,forecasting_horizon,num_layers,hidden_dim,learning_rate,batch_size,coeff_reconstruction,running_time,seed,mse,mae,test_mse,test_mae
Illness_pred=24,AutonLab/MOMENT-1-small,linearAE,7,1,512,24,0,0,0.01,64,0.01,13.497170686721802,1333,0.7146883560721464,0.6656831433625966,5.180942392442588,1.5835406119200313
Illness_pred=24,AutonLab/MOMENT-1-small,linearAE,7,1,512,24,0,0,0.001,32,10.0,31.096414804458618,1333,1.3902498346718637,0.9361461181280736,7.788009297090177,2.040339844212674
Illness_pred=24,AutonLab/MOMENT-1-small,linearAE,7,1,512,24,0,0,0.01,32,0.1,29.18363857269287,1333,0.7323001176033902,0.6681524080607685,5.44894647721079,1.5984294795152183
Illness_pred=24,AutonLab/MOMENT-1-small,linearAE,7,1,512,24,0,0,0.01,64,1.0,31.644530773162842,1333,0.7099932915853898,0.6610927216893329,5.181221604975835,1.5747057513740663
Illness_pred=24,AutonLab/MOMENT-1-small,linearAE,7,1,512,24,0,0,0.001,32,0.1,46.959014892578125,1333,0.7148705748529656,0.6830423983309227,5.096308339789779,1.5994617277278105
Illness_pred=24,AutonLab/MOMENT-1-small,linearAE,7,1,512,24,0,0,0.01,64,0.1,6.563714981079102,1333,0.8788196357473184,0.7119140830752435,6.618048623784878,1.7929452035164954
Illness_pred=24,AutonLab/MOMENT-1-small,linearAE,7,1,512,24,0,0,0.001,32,0.1,43.85363006591797,1333,0.7810673298149352,0.7054690022585038,4.769140792460609,1.514216138082657
Illness_pred=24,AutonLab/MOMENT-1-small,linearAE,7,1,512,24,0,0,0.01,32,10.0,30.949698209762573,1333,0.7122329911825349,0.6643810359750301,5.2414239508992555,1.5916140409877082
Illness_pred=24,AutonLab/MOMENT-1-small,linearAE,7,1,512,24,0,0,0.0001,64,0.1,120.27499437332153,1333,1.2283129744693713,0.8236611780266049,6.296000081389209,1.72464119019898
Illness_pred=24,AutonLab/MOMENT-1-small,linearAE,7,1,512,24,0,0,0.001,64,10.0,109.96159601211548,1333,0.743806627020484,0.6919328126533149,5.4005100399776,1.655490215139121
Illness_pred=24,AutonLab/MOMENT-1-small,linearAE,7,1,512,24,0,0,0.01,32,0.01,6.679779529571533,1333,0.7111105043376279,0.6641881715657809,5.166476232487219,1.5819251999585102
Illness_pred=24,AutonLab/MOMENT-1-small,linearAE,7,1,512,24,0,0,0.001,32,1.0,135.25479459762573,1333,0.8248276846342127,0.6989638520940458,6.42951841323184,1.764096854367768
Illness_pred=24,AutonLab/MOMENT-1-small,linearAE,7,1,512,24,0,0,0.01,64,10.0,16.612924337387085,1333,0.701684204397451,0.662806250045592,5.192471647999317,1.5882825963105862
Illness_pred=24,AutonLab/MOMENT-1-small,linearAE,7,1,512,24,0,0,0.001,64,1.0,127.97084999084473,1333,0.7231712247589973,0.6666994586892016,5.308985140557018,1.5961674981510623
Illness_pred=24,AutonLab/MOMENT-1-small,linearAE,7,1,512,24,0,0,0.0001,32,0.01,147.1699674129486,1333,0.905286272331604,0.7617878846814711,5.901313369734157,1.7348661145233804
Illness_pred=24,AutonLab/MOMENT-1-small,linearAE,7,1,512,24,0,0,0.0001,64,1.0,126.92491054534912,1333,1.6161896268505165,1.0284074722766408,7.815140881291286,2.056362573052846
Illness_pred=24,AutonLab/MOMENT-1-small,linearAE,7,1,512,24,0,0,0.001,64,0.1,130.13564586639404,1333,0.8717075100035022,0.7132944206676033,6.383950409690892,1.7814840509115832
Illness_pred=24,AutonLab/MOMENT-1-small,linearAE,7,1,512,24,0,0,0.001,64,0.01,126.56382989883423,1333,1.0578405675630804,0.781115793742778,6.3499831071994555,1.742451611856435
Illness_pred=24,AutonLab/MOMENT-1-small,linearAE,7,1,512,24,0,0,0.01,32,1.0,16.894328832626343,1333,0.8245578480019486,0.7189704344926406,6.50638213187976,1.791386673283383
Illness_pred=24,AutonLab/MOMENT-1-small,linearAE,7,1,512,24,0,0,0.001,32,1.0,98.2841465473175,1333,0.7412286507397463,0.6740035790888951,5.465157556517432,1.620950118742507
Illness_pred=24,AutonLab/MOMENT-1-small,linearAE,7,1,512,24,0,0,0.001,32,1.0,61.77429151535034,1333,0.7160997751756448,0.662375425819268,5.367750005705643,1.605618141246081
Illness_pred=24,AutonLab/MOMENT-1-small,linearAE,7,1,512,24,0,0,0.0001,32,1.0,149.96066451072693,1333,1.392268790759743,0.9143917694800615,7.253004693117446,1.9495864386149235
Illness_pred=24,AutonLab/MOMENT-1-small,linearAE,7,1,512,24,0,0,0.0001,64,0.1,127.44265723228455,1333,1.243190207912538,0.8486830029229435,6.705089526072343,1.8650746381327792
Illness_pred=24,AutonLab/MOMENT-1-small,linearAE,7,1,512,24,0,0,0.001,32,1.0,137.18766951560974,1333,0.8167961152066958,0.7086599025139542,6.136763364670235,1.723210844400153
Illness_pred=24,AutonLab/MOMENT-1-small,linearAE,7,1,512,24,0,0,0.001,64,0.01,80.22266006469727,1333,0.9267078707387648,0.7779546926839903,6.993315686933618,1.9401422486940791
Illness_pred=24,AutonLab/MOMENT-1-small,linearAE,7,1,512,24,0,0,0.001,64,10.0,116.0402512550354,1333,0.8628524696203309,0.7343806137889397,5.725961049863985,1.6821426020791594
Illness_pred=24,AutonLab/MOMENT-1-small,linearAE,7,1,512,24,0,0,0.001,64,1.0,129.5047059059143,1333,0.7418146249119324,0.6853261667446774,5.2384050720947455,1.700135026273705
Illness_pred=24,AutonLab/MOMENT-1-small,linearAE,7,1,512,24,0,0,0.001,64,0.1,50.80579924583435,1333,0.8747002390107873,0.7670481024056583,5.59455118555457,1.7858667994266726
Illness_pred=24,AutonLab/MOMENT-1-small,linearAE,7,1,512,24,0,0,0.001,32,1.0,91.19394016265869,1333,0.7739866796556071,0.7161333926439306,4.32046222000478,1.499631503635446
Illness_pred=24,AutonLab/MOMENT-1-small,linearAE,7,1,512,24,0,0,0.0001,32,0.1,144.90767121315002,1333,1.3423289831775838,0.9145192181783469,6.771840861362262,1.849126165483497
Illness_pred=24,AutonLab/MOMENT-1-small,linearAE,7,1,512,24,0,0,0.001,32,0.01,90.39181470870972,1333,0.7609209807473586,0.6655134023007112,5.935901045417201,1.6542650815222992
Illness_pred=24,AutonLab/MOMENT-1-small,linearAE,7,1,512,24,0,0,0.01,32,0.01,19.834108591079712,1333,0.7110293866974928,0.6649413143863423,5.315518173905688,1.6055267252131045
Illness_pred=24,AutonLab/MOMENT-1-small,linearAE,7,1,512,24,0,0,0.0001,64,1.0,127.65760159492493,1333,1.5264829767126598,1.0121160731463241,7.271778333191554,2.028907054390562
Illness_pred=24,AutonLab/MOMENT-1-small,linearAE,7,1,512,24,0,0,0.001,64,1.0,102.65194392204285,1333,0.7187566741493393,0.6616663125418065,5.194751071943212,1.5778775956378064
Illness_pred=24,AutonLab/MOMENT-1-small,linearAE,7,1,512,24,0,0,0.01,32,0.01,25.17261290550232,1333,0.6967878575593978,0.6634768926486586,4.596934852907759,1.5148734255286123
Illness_pred=24,AutonLab/MOMENT-1-small,linearAE,7,1,512,24,0,0,0.0001,32,0.1,148.04272723197937,1333,1.328368775120041,0.8966921349334975,7.071941102846014,1.9443474372713596
Illness_pred=24,AutonLab/MOMENT-1-small,linearAE,7,1,512,24,0,0,0.001,32,1.0,133.60769057273865,1333,0.7071512200899321,0.6578506123024935,5.120173291376551,1.5681534648257194
Illness_pred=24,AutonLab/MOMENT-1-small,linearAE,7,1,512,24,0,0,0.0001,64,1.0,125.60290789604187,1333,0.9163015106675569,0.7936967572034676,5.699867630125927,1.8317268538241427
Illness_pred=24,AutonLab/MOMENT-1-small,linearAE,7,1,512,24,0,0,0.001,64,0.1,119.86884427070618,1333,0.7402714894190362,0.6776450206105512,5.243018427855064,1.5992741336712302
Illness_pred=24,AutonLab/MOMENT-1-small,linearAE,7,1,512,24,0,0,0.0001,32,1.0,108.05904483795166,1333,1.13590440435614,0.8399346650245789,6.9905176730735885,1.8567591013423348
Illness_pred=24,AutonLab/MOMENT-1-small,linearAE,7,1,512,24,0,0,0.001,64,0.01,67.53592133522034,1333,0.7548956468781232,0.6697715449626478,4.754189225870665,1.461114424317442
Illness_pred=24,AutonLab/MOMENT-1-small,linearAE,7,1,512,24,0,0,0.0001,32,1.0,124.91201567649841,1333,1.471016027949435,0.9943086323475736,6.830328365704196,1.9127000245957575
Illness_pred=24,AutonLab/MOMENT-1-small,linearAE,7,1,512,24,0,0,0.001,64,1.0,80.29556322097778,1333,0.7242907027281078,0.6834175358190203,5.214301752915775,1.6149592606087504
Illness_pred=24,AutonLab/MOMENT-1-small,linearAE,7,1,512,24,0,0,0.0001,64,0.01,107.43961977958679,1333,1.2202036853744764,0.9045883276427886,6.272081564950514,1.8315300513013653
Illness_pred=24,AutonLab/MOMENT-1-small,linearAE,7,1,512,24,0,0,0.001,64,0.1,123.27937602996826,1333,0.751999794236959,0.6803730749196469,5.564117355357764,1.633874601176453
Illness_pred=24,AutonLab/MOMENT-1-small,linearAE,7,1,512,24,0,0,0.001,32,0.01,136.11269760131836,1333,0.7079248860426814,0.6676405024435591,5.1832765737857684,1.5946655925179138
Illness_pred=24,AutonLab/MOMENT-1-small,linearAE,7,1,512,24,0,0,0.0001,64,10.0,111.14235973358154,1333,1.8757348349802714,1.0940481743814,8.081236608081339,2.026706580798932
Illness_pred=24,AutonLab/MOMENT-1-small,linearAE,7,1,512,24,0,0,0.0001,32,0.01,137.7991921901703,1333,1.1747021296899638,0.8487112235130518,6.357745405907371,1.7717957092914145
Illness_pred=24,AutonLab/MOMENT-1-small,linearAE,7,1,512,24,0,0,0.0001,32,10.0,97.67867708206177,1333,1.417315462572592,1.0077438501249814,7.141355799281708,2.006488060664308
Illness_pred=24,AutonLab/MOMENT-1-small,linearAE,7,1,512,24,0,0,0.0001,32,0.01,108.3557755947113,1333,1.5870250695914074,0.9667159418181163,7.943285473770697,2.050671096583333
Illness_pred=24,AutonLab/MOMENT-1-small,linearAE,7,3,512,24,0,0,0.01,64,1.0,22.831329345703125,1333,1.0676132318789138,0.7711085694860573,8.181472213197901,2.089897395062831
Illness_pred=24,AutonLab/MOMENT-1-small,linearAE,7,3,512,24,0,0,0.01,32,10.0,44.11772680282593,1333,0.7359191133098977,0.6592470092957843,5.447557821281825,1.5722383641221873
Illness_pred=24,AutonLab/MOMENT-1-small,linearAE,7,3,512,24,0,0,0.01,32,0.1,60.91533637046814,1333,0.7427693550083478,0.6572956699315335,5.333169526869448,1.5394812552390496
Illness_pred=24,AutonLab/MOMENT-1-small,linearAE,7,3,512,24,0,0,0.001,64,0.01,117.17155170440674,1333,0.8471073734895063,0.7104510622675427,5.84881840384998,1.6876407440893544
Illness_pred=24,AutonLab/MOMENT-1-small,linearAE,7,3,512,24,0,0,0.01,64,0.01,68.86116290092468,1333,0.693925486904849,0.6577456142565669,4.802263519731313,1.539421665044056
Illness_pred=24,AutonLab/MOMENT-1-small,linearAE,7,3,512,24,0,0,0.01,32,1.0,45.25405144691467,1333,0.7410644169969719,0.6675815384607945,5.49108383404711,1.6105967301429875
Illness_pred=24,AutonLab/MOMENT-1-small,linearAE,7,3,512,24,0,0,0.01,64,10.0,33.448344469070435,1333,0.7916329989992734,0.6925292587114488,6.166739512706741,1.7326534717747522
Illness_pred=24,AutonLab/MOMENT-1-small,linearAE,7,3,512,24,0,0,0.01,32,1.0,32.34768629074097,1333,0.8301606680049922,0.6984528149809408,6.22873590092725,1.7154846097210188
Illness_pred=24,AutonLab/MOMENT-1-small,linearAE,7,3,512,24,0,0,0.01,64,0.01,32.026087045669556,1333,0.7247089242310865,0.6677074775473502,5.437109684564025,1.6068046991425862
Illness_pred=24,AutonLab/MOMENT-1-small,linearAE,7,3,512,24,0,0,0.001,64,1.0,208.77659797668457,1333,0.8318867957271038,0.7355170752035606,5.890374092466953,1.7358651490910835
Illness_pred=24,AutonLab/MOMENT-1-small,linearAE,7,3,512,24,0,0,0.001,32,0.1,239.7326216697693,1333,0.7197044245198125,0.665515469409909,5.271046794006111,1.6008142950512416
Illness_pred=24,AutonLab/MOMENT-1-small,linearAE,7,3,512,24,0,0,0.001,32,10.0,221.32343244552612,1333,0.747302997893794,0.6675633462570196,5.606593086353115,1.6115470006411428
Illness_pred=24,AutonLab/MOMENT-1-small,linearAE,7,3,512,24,0,0,0.001,64,1.0,245.2392508983612,1333,0.7070177843996625,0.6563215408839198,4.729595430454085,1.5062405199299846
Illness_pred=24,AutonLab/MOMENT-1-small,linearAE,7,3,512,24,0,0,0.001,64,0.1,200.06241846084595,1333,0.7182157684881243,0.661606266339073,4.513931520131624,1.4601566844756795
Illness_pred=24,AutonLab/MOMENT-1-small,linearAE,7,3,512,24,0,0,0.001,32,0.1,178.10311102867126,1333,0.7383132122699279,0.6768870442358659,5.730032769240947,1.6692184951469642
Illness_pred=24,AutonLab/MOMENT-1-small,linearAE,7,3,512,24,0,0,0.001,64,0.1,304.8390612602234,1333,0.7060681474979599,0.6650517913251245,4.973734201874293,1.5439222176073195
Illness_pred=24,AutonLab/MOMENT-1-small,linearAE,7,3,512,24,0,0,0.001,32,0.1,319.3008379936218,1333,0.7045573165568917,0.6607357575408065,5.125913929386436,1.58018591735579
Illness_pred=24,AutonLab/MOMENT-1-small,linearAE,7,3,512,24,0,0,0.0001,32,1.0,347.37332248687744,1333,0.9458385301265083,0.7389977649934107,6.491484010443462,1.7644414209605659
Illness_pred=24,AutonLab/MOMENT-1-small,linearAE,7,3,512,24,0,0,0.001,32,10.0,167.48678255081177,1333,0.731687731296655,0.6611228156944837,5.617812267403006,1.62653134729072
Illness_pred=24,AutonLab/MOMENT-1-small,linearAE,7,3,512,24,0,0,0.0001,64,1.0,354.73265409469604,1333,1.111583843315439,0.819233382221148,6.276533561055136,1.7761919238689774
Illness_pred=24,AutonLab/MOMENT-1-small,linearAE,7,3,512,24,0,0,0.001,64,10.0,251.28292512893677,1333,0.8182702568195378,0.7210980172970113,5.574581918251715,1.6514384945185916
Illness_pred=24,AutonLab/MOMENT-1-small,linearAE,7,3,512,24,0,0,0.0001,32,0.1,367.0088109970093,1333,0.9197070481629136,0.7390245217381806,6.164121827806644,1.7404887289661197
Illness_pred=24,AutonLab/MOMENT-1-small,linearAE,7,3,512,24,0,0,0.0001,32,0.1,285.6880006790161,1333,1.066648537726909,0.8172444539322472,6.7015877789151075,1.8573169236166618
Illness_pred=24,AutonLab/MOMENT-1-small,linearAE,7,3,512,24,0,0,0.001,64,1.0,273.4142155647278,1333,0.7931866290752213,0.6873891530016233,6.268043480484879,1.7425750032187446
Illness_pred=24,AutonLab/MOMENT-1-small,linearAE,7,3,512,24,0,0,0.001,64,0.1,338.55165553092957,1333,0.7538514962060121,0.6861264306399762,5.36132335268121,1.607102254480107
Illness_pred=24,AutonLab/MOMENT-1-small,linearAE,7,3,512,24,0,0,0.0001,32,0.1,281.5413420200348,1333,0.9555330511952199,0.7587111293725111,6.2027971561124975,1.7634804244333797
Illness_pred=24,AutonLab/MOMENT-1-small,linearAE,7,3,512,24,0,0,0.001,32,0.01,349.18681716918945,1333,0.8218409679581666,0.7116684522575881,6.241144238890448,1.734905520833556
Illness_pred=24,AutonLab/MOMENT-1-small,linearAE,7,3,512,24,0,0,0.001,32,1.0,385.59867000579834,1333,0.7167164449947362,0.6499884394117544,5.2994103006092335,1.5449933961938023
Illness_pred=24,AutonLab/MOMENT-1-small,linearAE,7,3,512,24,0,0,0.0001,32,0.1,322.15194392204285,1333,1.1996384948601841,0.8813094914232149,6.740256523170168,1.8866695424226938
Illness_pred=24,AutonLab/MOMENT-1-small,linearAE,7,3,512,24,0,0,0.0001,64,0.1,401.5223298072815,1333,1.1067430252452228,0.8080643643831069,6.618714923625944,1.8241425553278396
Illness_pred=24,AutonLab/MOMENT-1-small,linearAE,7,3,512,24,0,0,0.0001,64,1.0,354.5089762210846,1333,0.9296578603903982,0.7444390178852962,6.0933987260790134,1.7225100281481813
Illness_pred=24,AutonLab/MOMENT-1-small,linearAE,7,3,512,24,0,0,0.0001,32,1.0,413.13752365112305,1333,1.1497610534662308,0.8521409055639777,6.781021792305632,1.8528611989166885
Illness_pred=24,AutonLab/MOMENT-1-small,linearAE,7,3,512,24,0,0,0.01,64,0.1,55.64057683944702,1333,0.7841147197530757,0.6825509056899737,6.022379172379905,1.7104037211787166
Illness_pred=24,AutonLab/MOMENT-1-small,linearAE,7,3,512,24,0,0,0.001,32,1.0,28.410515546798706,1333,1.4028716454252157,0.9202688441777872,8.252819375022835,2.0909746676419068
Illness_pred=24,AutonLab/MOMENT-1-small,linearAE,7,3,512,24,0,0,0.001,64,0.1,46.69493842124939,1333,1.318054346660227,0.8923730386545726,7.074234078425134,1.9244006840755652
Illness_pred=24,AutonLab/MOMENT-1-small,linearAE,7,3,512,24,0,0,0.01,32,0.01,40.94442963600159,1333,0.7267968760691433,0.6482834103444324,4.784240842037989,1.4436677658146169
Illness_pred=24,AutonLab/MOMENT-1-small,linearAE,7,3,512,24,0,0,0.001,32,10.0,128.7619342803955,1333,1.177348368845489,0.8408023804471284,8.626437765287271,2.154910056960157
Illness_pred=24,AutonLab/MOMENT-1-small,linearAE,7,3,512,24,0,0,0.01,64,10.0,74.2069480419159,1333,0.7559167314177015,0.675344988267082,5.752855667588387,1.6519446796834119
Illness_pred=24,AutonLab/MOMENT-1-small,linearAE,7,3,512,24,0,0,0.001,64,1.0,97.92153978347778,1333,0.7674781056479965,0.6899233749167033,5.383882961542978,1.6334345063277085
Illness_pred=24,AutonLab/MOMENT-1-small,linearAE,7,3,512,24,0,0,0.001,32,0.1,105.00383138656616,1333,0.705432972661902,0.6557482029551621,4.735404642028119,1.5007958960363517
Illness_pred=24,AutonLab/MOMENT-1-small,linearAE,7,3,512,24,0,0,0.001,32,0.01,190.03243255615234,1333,0.7335979081205218,0.665092118581025,5.557076821768646,1.6112537257220154
Illness_pred=24,AutonLab/MOMENT-1-small,linearAE,7,3,512,24,0,0,0.001,64,10.0,193.7884500026703,1333,0.6999473327380813,0.6829739118901801,4.643596266238575,1.576212057806999
Illness_pred=24,AutonLab/MOMENT-1-small,linearAE,7,3,512,24,0,0,0.001,32,10.0,216.32116866111755,1333,0.7175045246545831,0.667750357883878,5.33102811755205,1.6122566365829984
Illness_pred=24,AutonLab/MOMENT-1-small,linearAE,7,3,512,24,0,0,0.001,32,1.0,246.98505806922913,1333,0.7017399473145769,0.6596193738989881,5.159955168659031,1.5825897108200415
Illness_pred=24,AutonLab/MOMENT-1-small,linearAE,7,3,512,24,0,0,0.0001,64,0.1,273.2425904273987,1333,1.2286500931167406,0.8928568167716039,6.725557692680385,1.8833627294654285
Illness_pred=24,AutonLab/MOMENT-1-small,linearAE,7,3,512,24,0,0,0.0001,64,0.01,284.05613350868225,1333,1.0132625466806953,0.7812732426046198,6.28175001796271,1.7784366408671166
Illness_pred=24,AutonLab/MOMENT-1-small,linearAE,7,3,512,24,0,0,0.0001,32,0.01,319.78928780555725,1333,0.8716853240661349,0.7213001302610395,5.796908110932677,1.689941083780169
Illness_pred=24,AutonLab/MOMENT-1-small,linearAE,7,3,512,24,0,0,0.001,64,10.0,344.61481404304504,1333,0.7169106725844208,0.6594583047545408,4.854175813416159,1.5115805794010548
Illness_pred=24,AutonLab/MOMENT-1-small,linearAE,7,3,512,24,0,0,0.0001,64,1.0,409.65282440185547,1333,1.2990588970774364,0.9108931331173378,7.223394142169168,1.9371862387221201
Illness_pred=24,AutonLab/MOMENT-1-small,linearAE,7,3,512,24,0,0,0.0001,32,10.0,427.38726329803467,1333,1.228394842552873,0.8567704454717452,7.077374505048911,1.932112042177187
Illness_pred=24,AutonLab/MOMENT-1-small,linearAE,7,5,512,24,0,0,0.01,64,1.0,38.453505516052246,1333,0.7489360781079529,0.6631919102772732,5.619014723124311,1.6249879570894272
Illness_pred=24,AutonLab/MOMENT-1-small,linearAE,7,5,512,24,0,0,0.01,32,10.0,83.1460919380188,1333,0.739353559169167,0.6563946760580119,4.9331297209278135,1.49576518221267
Illness_pred=24,AutonLab/MOMENT-1-small,linearAE,7,5,512,24,0,0,0.01,32,1.0,45.67410755157471,1333,0.9720037889167357,0.7526926402675008,7.773917674373425,2.004703995506421
Illness_pred=24,AutonLab/MOMENT-1-small,linearAE,7,5,512,24,0,0,0.01,64,0.1,75.10730624198914,1333,0.7802473330935005,0.7021302449539147,5.644726668660569,1.684535793397077
Illness_pred=24,AutonLab/MOMENT-1-small,linearAE,7,5,512,24,0,0,0.01,32,0.01,108.22557783126831,1333,0.7107618708834234,0.6651173733791802,5.2455349901619295,1.5939547907390905
Illness_pred=24,AutonLab/MOMENT-1-small,linearAE,7,5,512,24,0,0,0.01,64,10.0,53.92271280288696,1333,0.8003136915491362,0.6873760362795002,6.336018714364713,1.730902636020566
Illness_pred=24,AutonLab/MOMENT-1-small,linearAE,7,5,512,24,0,0,0.01,32,0.1,68.72463059425354,1333,0.7463975852736228,0.6689798228408217,5.663925559589872,1.6281014722912917
Illness_pred=24,AutonLab/MOMENT-1-small,linearAE,7,5,512,24,0,0,0.001,64,0.01,205.88500380516052,1333,1.205063536248689,0.8707926794667168,7.67401223955732,1.9905468158953188
Illness_pred=24,AutonLab/MOMENT-1-small,linearAE,7,5,512,24,0,0,0.001,64,1.0,211.04845118522644,1333,1.0305139828559167,0.7682953186182149,6.852374511163491,1.8168947235052937
Illness_pred=24,AutonLab/MOMENT-1-small,linearAE,7,5,512,24,0,0,0.001,32,0.01,146.30456042289734,1333,0.9396248782188499,0.7764867831460995,6.2312041239716836,1.7844679410349642
Illness_pred=24,AutonLab/MOMENT-1-small,linearAE,7,5,512,24,0,0,0.001,64,10.0,222.43807721138,1333,0.9020664136840237,0.7536165832678031,6.345239687187435,1.796268747338157
Illness_pred=24,AutonLab/MOMENT-1-small,linearAE,7,5,512,24,0,0,0.001,32,0.1,253.92987704277039,1333,0.8029513465050555,0.6866436736107198,5.60279598651916,1.636635831656181
Illness_pred=24,AutonLab/MOMENT-1-small,linearAE,7,5,512,24,0,0,0.001,32,1.0,267.7207190990448,1333,0.7069440201519426,0.6588782294930083,5.133734336166127,1.5695724852213229
Illness_pred=24,AutonLab/MOMENT-1-small,linearAE,7,5,512,24,0,0,0.001,32,1.0,211.9516818523407,1333,0.7240789640153894,0.66747324223104,4.153787361550438,1.4142670248395803
Illness_pred=24,AutonLab/MOMENT-1-small,linearAE,7,5,512,24,0,0,0.001,64,0.01,229.553781747818,1333,1.1051823728065366,0.8197324709515376,7.714077039786482,1.994711129172177
Illness_pred=24,AutonLab/MOMENT-1-small,linearAE,7,5,512,24,0,0,0.001,32,0.1,251.5985984802246,1333,0.6919125535151305,0.6556874731494436,4.801848976820006,1.5161165656931783
Illness_pred=24,AutonLab/MOMENT-1-small,linearAE,7,5,512,24,0,0,0.001,64,1.0,192.46096086502075,1333,0.7430853515096849,0.6753713659226752,5.498340648793243,1.6019203674863032
Illness_pred=24,AutonLab/MOMENT-1-small,linearAE,7,5,512,24,0,0,0.001,64,1.0,267.56861209869385,1333,0.8082796269656837,0.6881714368869372,6.087647977711934,1.6831671265136896
Illness_pred=24,AutonLab/MOMENT-1-small,linearAE,7,5,512,24,0,0,0.001,64,0.1,319.7392942905426,1333,0.7093276781460474,0.6648658657578194,5.015859244132408,1.5469297293000088
Illness_pred=24,AutonLab/MOMENT-1-small,linearAE,7,5,512,24,0,0,0.0001,64,0.1,432.76635575294495,1333,0.8162224539267463,0.7365573567309167,5.65124127766633,1.7236526023970637
Illness_pred=24,AutonLab/MOMENT-1-small,linearAE,7,5,512,24,0,0,0.0001,32,10.0,389.4637267589569,1333,1.0446558754669357,0.8072066732372734,6.657209165110453,1.8432901175303775
Illness_pred=24,AutonLab/MOMENT-1-small,linearAE,7,5,512,24,0,0,0.0001,64,10.0,484.9902763366699,1333,1.1220588792957962,0.8529323566302239,6.766694363328186,1.8984306158620718
Illness_pred=24,AutonLab/MOMENT-1-small,linearAE,7,5,512,24,0,0,0.001,32,10.0,519.2889025211334,1333,0.7141083218032392,0.6743354653664984,4.9148859523455375,1.5450340208563602
Illness_pred=24,AutonLab/MOMENT-1-small,linearAE,7,5,512,24,0,0,0.0001,64,0.01,546.516316652298,1333,1.0666715744737327,0.7995758281566852,6.557259835639096,1.7779800554324823
Illness_pred=24,AutonLab/MOMENT-1-small,linearAE,7,5,512,24,0,0,0.0001,32,0.1,510.8222932815552,1333,0.7639665085803903,0.6924919665703986,5.3506837247575065,1.6248879736102182
Illness_pred=24,AutonLab/MOMENT-1-small,linearAE,7,5,512,24,0,0,0.0001,64,1.0,687.7502572536469,1333,1.009860192885015,0.7891301970929963,6.412019272380963,1.7764948961771285
Illness_pred=24,AutonLab/MOMENT-1-small,linearAE,7,5,512,24,0,0,0.0001,32,0.1,732.9154531955719,1333,0.8892171609785178,0.7265658835305905,6.478459074620992,1.8130254727372694
Illness_pred=24,AutonLab/MOMENT-1-small,linearAE,7,5,512,24,0,0,0.001,32,0.01,641.14746260643,1333,0.7470237770234472,0.6612853200411348,5.969186802298081,1.6627716873578064
Illness_pred=24,AutonLab/MOMENT-1-small,linearAE,7,5,512,24,0,0,0.01,64,0.1,63.06559729576111,1333,0.7398351304656257,0.6553617011908823,4.5780529706249435,1.4141907735725645
Illness_pred=24,AutonLab/MOMENT-1-small,linearAE,7,5,512,24,0,0,0.01,32,0.1,62.770723819732666,1333,0.7403214096248716,0.674495361767455,5.330758385217854,1.6036532399461088
Illness_pred=24,AutonLab/MOMENT-1-small,linearAE,7,5,512,24,0,0,0.001,32,1.0,98.11411213874817,1333,0.9366747387250942,0.7249270339040855,6.514529569012293,1.7543410014404581
Illness_pred=24,AutonLab/MOMENT-1-small,linearAE,7,5,512,24,0,0,0.01,32,1.0,52.936110734939575,1333,0.7012476912838924,0.6608106776743304,4.841621949459821,1.5314041494491617
Illness_pred=24,AutonLab/MOMENT-1-small,linearAE,7,5,512,24,0,0,0.01,64,0.01,79.82586932182312,1333,0.6969927728626045,0.6568060766390243,4.784973889435431,1.5376981999868637
Illness_pred=24,AutonLab/MOMENT-1-small,linearAE,7,5,512,24,0,0,0.01,32,0.01,15.158479928970337,1333,0.9583764176042614,0.7533103432839808,7.016161942253867,1.8451164024592186
Illness_pred=24,AutonLab/MOMENT-1-small,linearAE,7,5,512,24,0,0,0.01,64,1.0,41.4132866859436,1333,0.9642498635462097,0.7490183246650178,7.448069028450733,1.9478750822503876
Illness_pred=24,AutonLab/MOMENT-1-small,linearAE,7,5,512,24,0,0,0.001,32,10.0,232.7731716632843,1333,0.7142794319255978,0.6679764183434679,4.842173221939502,1.5591790905574523
Illness_pred=24,AutonLab/MOMENT-1-small,linearAE,7,5,512,24,0,0,0.001,32,0.1,213.6024055480957,1333,0.8668962941032866,0.7129218640130003,6.981229066879899,1.8710925543127055
Illness_pred=24,AutonLab/MOMENT-1-small,linearAE,7,5,512,24,0,0,0.001,64,0.1,291.71526765823364,1333,0.7673801171964383,0.6811672876099691,6.002085133313134,1.6964013456734321
Illness_pred=24,AutonLab/MOMENT-1-small,linearAE,7,5,512,24,0,0,0.0001,32,1.0,344.19029664993286,1333,1.2296831368732903,0.8905296825423615,7.234311289782618,1.9880609570505832
Illness_pred=24,AutonLab/MOMENT-1-small,linearAE,7,5,512,24,0,0,0.0001,64,0.01,387.54940271377563,1333,0.8352022170463166,0.7336119006789157,5.506130960328946,1.7185285597574544
Illness_pred=24,AutonLab/MOMENT-1-small,linearAE,7,5,512,24,0,0,0.001,32,0.1,418.00020599365234,1333,0.7274409944046522,0.6719039631140844,5.49380623883424,1.6294919510677701
Illness_pred=24,AutonLab/MOMENT-1-small,linearAE,7,5,512,24,0,0,0.001,64,1.0,454.8584551811218,1333,0.6985061731280826,0.6588941230663438,4.702198353191316,1.5169014598342638
Illness_pred=24,AutonLab/MOMENT-1-small,linearAE,7,5,512,24,0,0,0.001,64,0.1,473.2425184249878,1333,0.7580086947232154,0.6794733300692606,5.901286573452119,1.676212076754598
Illness_pred=24,AutonLab/MOMENT-1-small,linearAE,7,5,512,24,0,0,0.001,64,1.0,464.4045379161835,1333,0.7041381871576714,0.6701220852307356,4.904126021460139,1.5574683088985464
Illness_pred=24,AutonLab/MOMENT-1-small,linearAE,7,5,512,24,0,0,0.0001,64,1.0,550.7733454704285,1333,0.9345768051642471,0.7281015880394849,6.395304315261246,1.7434904666354452
Illness_pred=24,AutonLab/MOMENT-1-small,linearAE,7,5,512,24,0,0,0.001,32,10.0,487.2474582195282,1333,0.6995948991662544,0.6600895895975657,5.399795515834888,1.6008380597111267
Illness_pred=24,AutonLab/MOMENT-1-small,linearAE,7,5,512,24,0,0,0.0001,32,1.0,574.2043387889862,1333,0.8454521273356904,0.7282635401992228,5.901987577531572,1.7320085149218074
Illness_pred=24,AutonLab/MOMENT-1-small,linearAE,7,5,512,24,0,0,0.0001,32,0.1,485.3258430957794,1333,1.0811811395820787,0.826269561593097,6.901087070672327,1.881115991289333
Illness_pred=24,AutonLab/MOMENT-1-small,linearAE,7,5,512,24,0,0,0.001,64,0.1,642.2906234264374,1333,0.7639401888591781,0.6953159618161756,5.732296434102558,1.7046420812097158
Illness_pred=24,AutonLab/MOMENT-1-small,linearAE,7,5,512,24,0,0,0.0001,64,1.0,573.1674380302429,1333,1.1573550400817698,0.8631100687381742,6.6712497281892436,1.8792208330892783
Illness_pred=24,AutonLab/MOMENT-1-small,linearAE,7,7,512,24,0,0,0.01,32,1.0,73.19035315513611,1333,0.7782174306539149,0.6640119088573682,6.272504824494749,1.7194119980645397
Illness_pred=24,AutonLab/MOMENT-1-small,linearAE,7,7,512,24,0,0,0.001,32,0.01,60.07518148422241,1333,1.122102238308728,0.8473864113493854,7.41546731406409,1.9636833763507648
Illness_pred=24,AutonLab/MOMENT-1-small,linearAE,7,7,512,24,0,0,0.01,32,0.1,63.8847815990448,1333,0.7234211315949531,0.6578568875697283,4.985470189948767,1.511657379329539
Illness_pred=24,AutonLab/MOMENT-1-small,linearAE,7,7,512,24,0,0,0.01,64,10.0,128.07159733772278,1333,0.8579797022649708,0.6954351362669703,6.891374140821054,1.8154519963840474
Illness_pred=24,AutonLab/MOMENT-1-small,linearAE,7,7,512,24,0,0,0.01,64,0.1,86.8637912273407,1333,0.6944965856725989,0.6660745589579642,4.842946027462504,1.5636723673853306
Illness_pred=24,AutonLab/MOMENT-1-small,linearAE,7,7,512,24,0,0,0.01,64,1.0,81.81490564346313,1333,0.7159193335315565,0.6683951183491741,4.858230089622004,1.551763818504339
Illness_pred=24,AutonLab/MOMENT-1-small,linearAE,7,7,512,24,0,0,0.01,32,0.1,56.421372175216675,1333,0.8573714557838559,0.7096310962844589,6.83887909830957,1.8487386613151362
Illness_pred=24,AutonLab/MOMENT-1-small,linearAE,7,7,512,24,0,0,0.001,64,0.1,211.93766117095947,1333,1.2216273840436678,0.8606129379408204,7.698745185401989,2.0195191166890902
Illness_pred=24,AutonLab/MOMENT-1-small,linearAE,7,7,512,24,0,0,0.001,32,1.0,217.33230447769165,1333,0.996680725579829,0.7741043547176386,7.1428205878507764,1.8977189597499802
Illness_pred=24,AutonLab/MOMENT-1-small,linearAE,7,7,512,24,0,0,0.001,32,10.0,313.7960774898529,1333,0.8225934960736477,0.7226986933702731,5.56473978284982,1.672448970179023
Illness_pred=24,AutonLab/MOMENT-1-small,linearAE,7,7,512,24,0,0,0.001,32,0.01,285.70963764190674,1333,0.7672166618184398,0.6817945161394362,5.742468114682251,1.6581038803226797
Illness_pred=24,AutonLab/MOMENT-1-small,linearAE,7,7,512,24,0,0,0.01,32,10.0,236.6638307571411,1333,0.6913187898697218,0.6658637934913867,4.3095136399860525,1.5180803312478504
Illness_pred=24,AutonLab/MOMENT-1-small,linearAE,7,7,512,24,0,0,0.001,64,0.01,257.4343423843384,1333,0.7514155493213187,0.6761583725303225,5.686445590200949,1.6233885669322057
Illness_pred=24,AutonLab/MOMENT-1-small,linearAE,7,7,512,24,0,0,0.001,64,0.1,351.2905538082123,1333,0.7267787069579944,0.6759645721666002,4.8698153647666675,1.540141700519155
Illness_pred=24,AutonLab/MOMENT-1-small,linearAE,7,7,512,24,0,0,0.001,64,10.0,238.10819125175476,1333,0.7108361135292643,0.670157912644316,5.191857358779774,1.6133117428280952
Illness_pred=24,AutonLab/MOMENT-1-small,linearAE,7,7,512,24,0,0,0.001,32,0.1,265.97133326530457,1333,0.8191492279275853,0.6872536889189313,6.658063200451739,1.7814390929968507
Illness_pred=24,AutonLab/MOMENT-1-small,linearAE,7,7,512,24,0,0,0.001,32,1.0,322.73394894599915,1333,0.778118789527516,0.6596748363228777,5.908923873694218,1.6308951921342538
Illness_pred=24,AutonLab/MOMENT-1-small,linearAE,7,7,512,24,0,0,0.001,32,0.1,322.3231551647186,1333,0.6912128585175894,0.6580501932254086,4.545553813015397,1.504320853939999
Illness_pred=24,AutonLab/MOMENT-1-small,linearAE,7,7,512,24,0,0,0.0001,64,0.1,470.39114689826965,1333,0.958725080718814,0.7624610290021755,6.101204880327487,1.736134565357007
Illness_pred=24,AutonLab/MOMENT-1-small,linearAE,7,7,512,24,0,0,0.0001,32,1.0,528.2399327754974,1333,0.8206211397004657,0.6975818243027953,5.844333264838479,1.663334853511895
Illness_pred=24,AutonLab/MOMENT-1-small,linearAE,7,7,512,24,0,0,0.001,64,1.0,640.1823034286499,1333,0.7097676886125242,0.6559077250202444,4.847154522459216,1.5022109783921898
Illness_pred=24,AutonLab/MOMENT-1-small,linearAE,7,7,512,24,0,0,0.0001,32,0.1,672.9389505386353,1333,1.0697736496193828,0.8154322334350687,7.361315873187054,1.9634872973773572
Illness_pred=24,AutonLab/MOMENT-1-small,linearAE,7,7,512,24,0,0,0.0001,64,0.01,966.7429854869843,1333,1.3960198854598111,0.9210616462857224,8.584083728396292,2.2147875701510498
Illness_pred=24,AutonLab/MOMENT-1-small,linearAE,7,7,512,24,0,0,0.001,64,1.0,957.9892237186432,1333,0.8414055231547243,0.7176096473441479,6.597213822744018,1.8036420824153163
Illness_pred=24,AutonLab/MOMENT-1-small,linearAE,7,7,512,24,0,0,0.0001,64,10.0,963.7161204814911,1333,1.1250602486681704,0.8213932702533456,6.652269610922844,1.8267554795373089
Illness_pred=24,AutonLab/MOMENT-1-small,linearAE,7,7,512,24,0,0,0.001,64,1.0,908.2939412593842,1333,0.7008517926845974,0.6613162400665273,4.801958408902796,1.524387168190638
Illness_pred=24,AutonLab/MOMENT-1-small,linearAE,7,7,512,24,0,0,0.0001,32,0.1,1037.2357048988342,1333,0.8068359570019829,0.6917570123755784,5.326003014533943,1.5851348930048914
Illness_pred=24,AutonLab/MOMENT-1-small,linearAE,7,7,512,24,0,0,0.0001,64,1.0,911.6873006820679,1333,1.079988577042372,0.8266752565049564,6.663419791797629,1.8604573311303256
Illness_pred=24,AutonLab/MOMENT-1-small,linearAE,7,7,512,24,0,0,0.01,64,0.1,39.03005576133728,1333,1.1460042768295249,0.8493367981757687,6.9175931380966045,1.8640739554603813
Illness_pred=24,AutonLab/MOMENT-1-small,linearAE,7,7,512,24,0,0,0.01,32,0.01,30.882912635803223,1333,1.423127176448937,0.9206466008397676,9.533766429540487,2.317929179934648
Illness_pred=24,AutonLab/MOMENT-1-small,linearAE,7,7,512,24,0,0,0.01,64,0.1,60.2858190536499,1333,0.706038934379649,0.65582867204217,5.038001373178017,1.550789906347164
Illness_pred=24,AutonLab/MOMENT-1-small,linearAE,7,7,512,24,0,0,0.01,64,1.0,50.485432624816895,1333,0.7156176707201722,0.6733183331329674,4.259335273508456,1.471672348950372
Illness_pred=24,AutonLab/MOMENT-1-small,linearAE,7,7,512,24,0,0,0.001,32,0.1,55.162946462631226,1333,1.2470139707659214,0.8561979392856166,8.148881164861487,2.0702740250851566
Illness_pred=24,AutonLab/MOMENT-1-small,linearAE,7,7,512,24,0,0,0.001,64,0.01,164.06004643440247,1333,1.1181899806971936,0.810603048390046,6.975512095651085,1.8829097980148555
Illness_pred=24,AutonLab/MOMENT-1-small,linearAE,7,7,512,24,0,0,0.001,64,10.0,183.01162028312683,1333,1.015017213217582,0.758654726150143,7.964873168252344,2.0675205173847906
Illness_pred=24,AutonLab/MOMENT-1-small,linearAE,7,7,512,24,0,0,0.001,32,0.1,194.88239765167236,1333,0.7073800827366481,0.665663873669681,4.905314276652445,1.5445124024317953
Illness_pred=24,AutonLab/MOMENT-1-small,linearAE,7,7,512,24,0,0,0.001,32,0.1,289.78760290145874,1333,0.7076969607246016,0.6556092579873484,4.974754090769165,1.5286297638868678
Illness_pred=24,AutonLab/MOMENT-1-small,linearAE,7,7,512,24,0,0,0.01,32,10.0,242.47256922721863,1333,0.6964279743575962,0.6597166049967857,4.811518934662048,1.5140287473155012
Illness_pred=24,AutonLab/MOMENT-1-small,linearAE,7,7,512,24,0,0,0.001,32,1.0,311.15767908096313,1333,0.6956091098984536,0.6570715333768119,4.851591344511412,1.5162117682143386
Illness_pred=24,AutonLab/MOMENT-1-small,linearAE,7,7,512,24,0,0,0.001,32,1.0,331.79902958869934,1333,0.7204139404595461,0.6576714242597279,4.92481822273453,1.5020354063833539
Illness_pred=24,AutonLab/MOMENT-1-small,linearAE,7,7,512,24,0,0,0.001,64,0.1,368.1224961280823,1333,0.7663840325897342,0.6889730067699257,5.132584369619077,1.565286464517708
Illness_pred=24,AutonLab/MOMENT-1-small,linearAE,7,7,512,24,0,0,0.001,64,10.0,486.79425144195557,1333,0.7286578221363482,0.659287500375228,5.401618509983532,1.577181326217017
Illness_pred=24,AutonLab/MOMENT-1-small,linearAE,7,7,512,24,0,0,0.001,32,1.0,512.4557566642761,1333,0.7071303450658504,0.6610571995620789,5.27573594580513,1.5879034267483563
Illness_pred=24,AutonLab/MOMENT-1-small,linearAE,7,7,512,24,0,0,0.001,64,0.01,528.8216679096222,1333,0.7573330853836491,0.6712816127227605,6.096761191244916,1.7162836325661865
Illness_pred=24,AutonLab/MOMENT-1-small,linearAE,7,7,512,24,0,0,0.001,64,1.0,467.8695559501648,1333,0.7770097700773928,0.7132665691878267,5.496683415277103,1.6849691953223833
Illness_pred=24,AutonLab/MOMENT-1-small,linearAE,7,7,512,24,0,0,0.0001,32,10.0,667.5132699012756,1333,0.8744502626037114,0.7362142421427024,5.984252936711402,1.739101927690679
Illness_pred=24,AutonLab/MOMENT-1-small,linearAE,7,7,512,24,0,0,0.0001,64,1.0,713.0272085666656,1333,0.9686118217884854,0.7746567455379147,6.359561033399267,1.8026770486000148
Illness_pred=24,AutonLab/MOMENT-1-small,linearAE,7,7,512,24,0,0,0.0001,32,1.0,742.353353023529,1333,0.913838714705551,0.7286656364365304,5.94860183007509,1.6978043290642235
Illness_pred=24,AutonLab/MOMENT-1-small,linearAE,7,7,512,24,0,0,0.0001,64,0.1,720.6306645870209,1333,0.876333132264684,0.7424081383965973,5.877169007792437,1.724503461310852
Illness_pred=24,AutonLab/MOMENT-1-small,linearAE,7,7,512,24,0,0,0.0001,32,0.01,751.2182972431183,1333,0.7973045664143056,0.7027972673837016,5.8459195120006395,1.6927794630608746
Illness_pred=24,AutonLab/MOMENT-1-small,simpleAE,7,1,512,24,1,128,0.01,64,0.01,11.964692115783691,8866,0.8240924901736767,0.6858295774158296,5.7258805668153405,1.6290307497831524
Illness_pred=24,AutonLab/MOMENT-1-small,simpleAE,7,1,512,24,1,64,0.001,32,10.0,19.69538974761963,8866,0.8325506574980063,0.7240429958392182,5.764920108342708,1.7137274990316085
Illness_pred=24,AutonLab/MOMENT-1-small,simpleAE,7,1,512,24,1,128,0.01,32,0.1,6.7250025272369385,8866,0.9487435255703518,0.7450159938885519,6.170528849785684,1.7460007568955178
Illness_pred=24,AutonLab/MOMENT-1-small,simpleAE,7,1,512,24,2,64,0.01,64,1.0,6.378340244293213,8866,11.600518625523021,2.2774324746673185,12.308627389936394,2.6325702130004434
Illness_pred=24,AutonLab/MOMENT-1-small,simpleAE,7,1,512,24,1,64,0.001,64,1.0,21.324827432632446,8866,0.8893899584011848,0.7097744757828164,5.788399719765244,1.6385158391804218
Illness_pred=24,AutonLab/MOMENT-1-small,simpleAE,7,1,512,24,2,64,0.0001,64,0.1,50.711535930633545,8866,0.7704260302216247,0.6773300220276908,5.456713867102078,1.5898829870639315
Illness_pred=24,AutonLab/MOMENT-1-small,simpleAE,7,1,512,24,1,64,0.001,32,0.01,21.475971221923828,8866,0.8646987790083205,0.7094190889148441,5.633325210774306,1.6451762148144002
Illness_pred=24,AutonLab/MOMENT-1-small,simpleAE,7,1,512,24,2,64,0.0001,32,0.01,57.96762180328369,8866,1.1584854144710923,0.8465953391710321,6.953343560535083,1.8819397152513488
Illness_pred=24,AutonLab/MOMENT-1-small,simpleAE,7,1,512,24,1,128,0.0001,64,10.0,21.099533557891846,8866,0.9591341591396249,0.7730241742934338,5.9479664223815885,1.7384638635209557
Illness_pred=24,AutonLab/MOMENT-1-small,simpleAE,7,1,512,24,2,64,0.01,32,10.0,8.463599443435669,8866,9672.954892501839,73.52884203673335,9501.66134089128,73.12209844221736
Illness_pred=24,AutonLab/MOMENT-1-small,simpleAE,7,1,512,24,1,64,0.001,64,0.1,15.71979570388794,8866,0.8171680951948536,0.7087427626531164,4.60987673787143,1.4816574929454078
Illness_pred=24,AutonLab/MOMENT-1-small,simpleAE,7,1,512,24,1,128,0.0001,32,1.0,25.22098207473755,8866,0.8882056434474845,0.7410696143443303,4.797732065629617,1.5670478708482034
Illness_pred=24,AutonLab/MOMENT-1-small,simpleAE,7,1,512,24,2,64,0.01,32,0.1,3.7703564167022705,8866,0.7546346311139881,0.6747472903014371,5.330516739772723,1.6084053454740712
Illness_pred=24,AutonLab/MOMENT-1-small,simpleAE,7,1,512,24,1,128,0.01,64,0.1,5.609473943710327,8866,0.7310893696117168,0.663537339242392,5.131710893152345,1.5686745216219422
Illness_pred=24,AutonLab/MOMENT-1-small,simpleAE,7,1,512,24,1,64,0.001,64,10.0,7.889578342437744,8866,0.9668162600061698,0.7644754708540064,6.215955389301565,1.7741923734583631
Illness_pred=24,AutonLab/MOMENT-1-small,simpleAE,7,1,512,24,2,64,0.001,64,0.1,4.240335464477539,8866,112.40286294095327,9.08849625248698,95.83470378670502,8.398401570659471
Illness_pred=24,AutonLab/MOMENT-1-small,simpleAE,7,1,512,24,2,128,0.001,32,10.0,5.558887004852295,8866,0.7629986891784579,0.6757134271551174,5.422890542120971,1.5964350872898545
Illness_pred=24,AutonLab/MOMENT-1-small,simpleAE,7,1,512,24,2,64,0.001,32,0.1,13.297224521636963,8866,0.7439521205065739,0.664805727937689,5.264079818221872,1.5922455800873812
Illness_pred=24,AutonLab/MOMENT-1-small,simpleAE,7,1,512,24,1,128,0.0001,64,1.0,20.389469385147095,8866,0.9394777304913164,0.7580706234030137,5.8414244205491395,1.6987149190786452
Illness_pred=24,AutonLab/MOMENT-1-small,simpleAE,7,1,512,24,2,128,0.001,32,0.01,7.160198211669922,8866,0.7310344356985629,0.6817056817799304,5.239961197976549,1.5920458404027247
Illness_pred=24,AutonLab/MOMENT-1-small,simpleAE,7,1,512,24,1,64,0.001,32,0.1,19.04723072052002,8866,0.7147462346398717,0.6668132230899099,5.2890760918545245,1.5978411993160535
Illness_pred=24,AutonLab/MOMENT-1-small,simpleAE,7,1,512,24,2,64,0.0001,32,0.1,13.79926323890686,8866,0.7648992734835831,0.6769884862554515,5.5507044783021255,1.6304384465822392
Illness_pred=24,AutonLab/MOMENT-1-small,simpleAE,7,1,512,24,2,128,0.001,64,1.0,10.01598310470581,8866,0.7179197301957193,0.6687845034945692,5.0958489383467604,1.5710510800567075
Illness_pred=24,AutonLab/MOMENT-1-small,simpleAE,7,1,512,24,1,64,0.001,32,1.0,22.022619247436523,8866,0.7522159008697951,0.670354781323709,5.37115268125813,1.5919385682384717
Illness_pred=24,AutonLab/MOMENT-1-small,simpleAE,7,1,512,24,2,128,0.0001,32,0.1,25.111310958862305,8866,0.7306475802212026,0.672628629473752,5.309213369979948,1.5858305464825924
Illness_pred=24,AutonLab/MOMENT-1-small,simpleAE,7,1,512,24,2,128,0.001,32,1.0,4.440893173217773,8866,0.7323910474741733,0.6853289646783577,5.208835610067578,1.6009752560390589
Illness_pred=24,AutonLab/MOMENT-1-small,simpleAE,7,1,512,24,1,128,0.001,32,0.1,6.741183519363403,8866,0.9100409953369061,0.7395258802976851,6.078446014667132,1.7484795659180083
Illness_pred=24,AutonLab/MOMENT-1-small,simpleAE,7,1,512,24,2,128,0.001,32,0.1,10.436560869216919,8866,0.7824290806146608,0.6967840640891643,5.283315670976411,1.5927244546792108
Illness_pred=24,AutonLab/MOMENT-1-small,simpleAE,7,1,512,24,1,64,0.001,64,0.01,19.430564880371094,8866,0.8231633512740455,0.7093179815834475,5.829037672273765,1.6928944506797847
Illness_pred=24,AutonLab/MOMENT-1-small,simpleAE,7,1,512,24,2,64,0.0001,64,0.01,44.347798347473145,8866,0.7826926013650259,0.6872318504590667,5.627797753265314,1.6507520362857548
Illness_pred=24,AutonLab/MOMENT-1-small,simpleAE,7,1,512,24,2,128,0.001,64,0.1,12.520554065704346,8866,0.7620405267693313,0.6741270395014224,5.493898387998714,1.6199611867654238
Illness_pred=24,AutonLab/MOMENT-1-small,simpleAE,7,1,512,24,1,128,0.01,64,1.0,9.702086210250854,8866,0.7565365430527643,0.6731896389373185,5.3058098654516685,1.592559671459704
Illness_pred=24,AutonLab/MOMENT-1-small,simpleAE,7,1,512,24,2,128,0.01,64,0.01,4.633636951446533,8866,0.7293679301511595,0.6612210266037801,5.259922268603428,1.5710902274473504
Illness_pred=24,AutonLab/MOMENT-1-small,simpleAE,7,1,512,24,1,128,0.01,32,1.0,4.090543746948242,8866,0.7541156229613662,0.658190226417131,5.180958257680357,1.5449697574377896
Illness_pred=24,AutonLab/MOMENT-1-small,simpleAE,7,1,512,24,2,64,0.0001,64,10.0,30.05000925064087,8866,0.7784547541054073,0.68704690049314,5.523029531241095,1.6267469988217846
Illness_pred=24,AutonLab/MOMENT-1-small,simpleAE,7,3,512,24,2,128,0.001,32,0.1,11.250023603439331,8866,0.7957130525372188,0.6728005718446406,5.530198146039574,1.6009569118291038
Illness_pred=24,AutonLab/MOMENT-1-small,simpleAE,7,3,512,24,1,128,0.01,64,1.0,45.670238971710205,8866,0.7008147349237545,0.6730105005123405,5.053276707943889,1.5844809640584798
Illness_pred=24,AutonLab/MOMENT-1-small,simpleAE,7,3,512,24,1,128,0.01,32,10.0,21.588124752044678,8866,0.7433829963371302,0.667054139902891,4.9179726067774,1.5735341364040287
Illness_pred=24,AutonLab/MOMENT-1-small,simpleAE,7,3,512,24,2,128,0.001,64,0.1,34.376014947891235,8866,0.716516217460423,0.6936624589979551,4.602348569749601,1.5406231791516805
Illness_pred=24,AutonLab/MOMENT-1-small,simpleAE,7,3,512,24,1,64,0.001,32,1.0,43.780802488327026,8866,0.8017088775721917,0.6990060436914245,5.507706594493217,1.6335880036075938
Illness_pred=24,AutonLab/MOMENT-1-small,simpleAE,7,3,512,24,1,128,0.001,32,0.01,47.997321128845215,8866,0.8002729525728254,0.6984305091778288,5.065740154088133,1.5639257942186764
Illness_pred=24,AutonLab/MOMENT-1-small,simpleAE,7,3,512,24,1,128,0.01,64,10.0,21.235130310058594,8866,0.7893877783577806,0.681987241665959,5.228855278682254,1.566545915788507
Illness_pred=24,AutonLab/MOMENT-1-small,simpleAE,7,3,512,24,1,128,0.001,64,0.1,57.85009264945984,8866,0.9194927788738863,0.7415461654903941,5.763140003713652,1.7086355694219877
Illness_pred=24,AutonLab/MOMENT-1-small,simpleAE,7,3,512,24,1,64,0.001,64,1.0,49.51944899559021,8866,0.8651572311769199,0.7236976878704677,5.300318683295131,1.6048996165402594
Illness_pred=24,AutonLab/MOMENT-1-small,simpleAE,7,3,512,24,2,128,0.0001,64,1.0,44.410881757736206,8866,0.8175289458535699,0.6859587446503518,5.619899011565827,1.6534040337752691
Illness_pred=24,AutonLab/MOMENT-1-small,simpleAE,7,3,512,24,2,64,0.001,32,1.0,24.87214469909668,8866,0.7585251280457279,0.6662625644131669,5.695225967850211,1.6375359054954939
Illness_pred=24,AutonLab/MOMENT-1-small,simpleAE,7,3,512,24,1,128,0.01,32,1.0,14.73750925064087,8866,1.0555638615829521,0.8289516067196983,6.482747612824012,1.8301026137810699
Illness_pred=24,AutonLab/MOMENT-1-small,simpleAE,7,3,512,24,1,64,0.0001,32,0.1,146.19197940826416,8866,0.8679195097120599,0.7235077202766973,5.102409302272605,1.5819461869903186
Illness_pred=24,AutonLab/MOMENT-1-small,simpleAE,7,3,512,24,2,64,0.001,64,1.0,41.573320627212524,8866,0.731165023092283,0.657884486040306,5.010674240442,1.5653122283814092
Illness_pred=24,AutonLab/MOMENT-1-small,simpleAE,7,3,512,24,2,64,0.01,64,0.1,11.815739393234253,8866,0.8955781066969841,0.7099066380761897,6.08248535719773,1.6989794437755785
Illness_pred=24,AutonLab/MOMENT-1-small,simpleAE,7,3,512,24,1,64,0.0001,64,0.01,118.44886922836304,8866,0.9187816329689754,0.7436537381498473,5.514556799041435,1.6571825810150964
Illness_pred=24,AutonLab/MOMENT-1-small,simpleAE,7,3,512,24,2,128,0.0001,32,10.0,114.5325698852539,8866,0.81082089385525,0.6916284480049597,5.500946422379463,1.6432718991670294
Illness_pred=24,AutonLab/MOMENT-1-small,simpleAE,7,3,512,24,1,64,0.001,32,10.0,23.308878898620605,8866,0.8345459642118439,0.7170799684674907,5.126345980401071,1.6888552531104657
Illness_pred=24,AutonLab/MOMENT-1-small,simpleAE,7,3,512,24,1,128,0.001,64,0.1,24.99525809288025,8866,0.9360531165868083,0.7525472301691819,5.876851561002983,1.7062108795578792
Illness_pred=24,AutonLab/MOMENT-1-small,simpleAE,7,3,512,24,1,64,0.0001,32,0.01,104.03199052810669,8866,0.8956739592247612,0.7324380188785329,5.554775460215155,1.6495336675123193
Illness_pred=24,AutonLab/MOMENT-1-small,simpleAE,7,3,512,24,2,64,0.01,32,0.01,25.975441694259644,8866,0.7010458506156214,0.6615676884405833,5.293302512067719,1.5809709741148914
Illness_pred=24,AutonLab/MOMENT-1-small,simpleAE,7,3,512,24,1,64,0.001,64,1.0,36.30920362472534,8866,0.8541791062371533,0.7251276072369475,5.915783779895191,1.721000748048607
Illness_pred=24,AutonLab/MOMENT-1-small,simpleAE,7,3,512,24,1,128,0.001,32,0.1,48.0460307598114,8866,0.7523327872660053,0.6793267752365921,5.17159631871759,1.621708484355199
Illness_pred=24,AutonLab/MOMENT-1-small,simpleAE,7,3,512,24,1,64,0.0001,64,0.1,80.4639253616333,8866,0.9465741054249716,0.7517431365355917,6.018744128113122,1.7128955932948715
Illness_pred=24,AutonLab/MOMENT-1-small,simpleAE,7,3,512,24,2,128,0.001,32,10.0,9.973444938659668,8866,0.8171341748587065,0.688984209855798,5.379508103735708,1.6075179351877367
Illness_pred=24,AutonLab/MOMENT-1-small,simpleAE,7,3,512,24,1,128,0.01,32,0.01,25.982447862625122,8866,0.7791251645272227,0.6817760510649871,5.440270072317567,1.5955808979639146
Illness_pred=24,AutonLab/MOMENT-1-small,simpleAE,7,3,512,24,1,128,0.01,64,0.1,10.92465877532959,8866,0.8272324756438665,0.6989883214928575,5.724495884135126,1.657319520778854
Illness_pred=24,AutonLab/MOMENT-1-small,simpleAE,7,3,512,24,2,128,0.01,64,0.1,25.599891901016235,8866,0.7198343935493766,0.6665523709135737,5.301824621419112,1.5857674177191712
Illness_pred=24,AutonLab/MOMENT-1-small,simpleAE,7,3,512,24,2,64,0.001,32,0.01,23.249067783355713,8866,0.7926079705675816,0.6785330078852876,5.855114156742006,1.6633484687159963
Illness_pred=24,AutonLab/MOMENT-1-small,simpleAE,7,3,512,24,2,128,0.01,32,10.0,11.097665309906006,8866,0.7173221386581462,0.672734889611609,5.121002484223562,1.5773159380604966
Illness_pred=24,AutonLab/MOMENT-1-small,simpleAE,7,3,512,24,2,64,0.001,64,0.01,19.22093653678894,8866,0.7516037560249823,0.6664993902740022,5.066893161369297,1.631256946843003
Illness_pred=24,AutonLab/MOMENT-1-small,simpleAE,7,3,512,24,2,64,0.01,32,0.1,11.52519178390503,8866,0.7061489995740734,0.6682180433038145,4.654421549513522,1.5930170090208522
Illness_pred=24,AutonLab/MOMENT-1-small,simpleAE,7,3,512,24,1,128,0.01,64,0.01,16.043789386749268,8866,0.7355323680349639,0.660771772835524,5.331684866877141,1.5842753566426862
Illness_pred=24,AutonLab/MOMENT-1-small,simpleAE,7,3,512,24,1,128,0.001,32,1.0,51.12313914299011,8866,0.8301699616122844,0.713821457781379,5.8410706620651895,1.6994519673623099
Illness_pred=24,AutonLab/MOMENT-1-small,simpleAE,7,3,512,24,1,64,0.0001,32,1.0,145.78279566764832,8866,0.911369405957078,0.7386785760017716,5.540727577240693,1.6203576806072273
Illness_pred=24,AutonLab/MOMENT-1-small,simpleAE,7,3,512,24,1,64,0.0001,64,10.0,97.25306272506714,8866,0.8699903549842422,0.72645161485,5.538075375509471,1.6455871994674
Illness_pred=24,AutonLab/MOMENT-1-small,simpleAE,7,3,512,24,1,64,0.0001,64,1.0,73.9534056186676,8866,0.8816393876134526,0.7316170361168252,5.774472257619643,1.6798231112447972
Illness_pred=24,AutonLab/MOMENT-1-small,simpleAE,7,5,512,24,2,64,0.01,64,1.0,26.667139530181885,8866,0.6908735011815268,0.6542956383305777,4.754165214841987,1.558774464212993
Illness_pred=24,AutonLab/MOMENT-1-small,simpleAE,7,5,512,24,2,64,0.01,32,1.0,23.86068558692932,8866,0.8292478753648611,0.6990035557445731,5.522498214810975,1.6293877056627963
Illness_pred=24,AutonLab/MOMENT-1-small,simpleAE,7,5,512,24,1,128,0.001,32,0.1,61.31197500228882,8866,0.8645198248571382,0.7143629790613384,6.065321526299274,1.7087601832008352
Illness_pred=24,AutonLab/MOMENT-1-small,simpleAE,7,5,512,24,1,128,0.01,64,0.1,39.443840980529785,8866,0.7359989604704339,0.6637050396553307,5.255257770377309,1.5818641843314494
Illness_pred=24,AutonLab/MOMENT-1-small,simpleAE,7,5,512,24,1,128,0.001,32,10.0,48.009284257888794,8866,0.8687713402614923,0.7207794267962964,5.5847302950494955,1.6269930188265782
Illness_pred=24,AutonLab/MOMENT-1-small,simpleAE,7,5,512,24,1,64,0.01,64,1.0,22.396195888519287,8866,0.7653808469276655,0.6899073830516513,5.452421932381019,1.6252746666192512
Illness_pred=24,AutonLab/MOMENT-1-small,simpleAE,7,5,512,24,2,128,0.001,32,0.1,25.487257957458496,8866,0.8052907555252813,0.6818170484246365,5.1934955740216235,1.588752429702685
Illness_pred=24,AutonLab/MOMENT-1-small,simpleAE,7,5,512,24,1,128,0.001,64,0.1,90.71440625190735,8866,0.7666980638987713,0.6860955148055122,5.551693301717804,1.6588191488815438
Illness_pred=24,AutonLab/MOMENT-1-small,simpleAE,7,5,512,24,1,128,0.01,32,0.1,48.19778037071228,8866,0.7409686168724308,0.6646901498546577,4.994379654805175,1.5505297871702395
Illness_pred=24,AutonLab/MOMENT-1-small,simpleAE,7,5,512,24,1,128,0.001,64,1.0,66.48070979118347,8866,0.8978988409735434,0.7359988079468844,5.794699787464544,1.6939408459902288
Illness_pred=24,AutonLab/MOMENT-1-small,simpleAE,7,5,512,24,1,128,0.0001,64,1.0,133.00458669662476,8866,0.8164713704330111,0.7127342044689632,4.883487715974752,1.5692213216134838
Illness_pred=24,AutonLab/MOMENT-1-small,simpleAE,7,5,512,24,2,128,0.001,64,0.1,36.30020499229431,8866,0.6849568894122545,0.6511062588599092,5.063593758583683,1.553501878744467
Illness_pred=24,AutonLab/MOMENT-1-small,simpleAE,7,5,512,24,1,64,0.01,32,10.0,33.69822645187378,8866,0.7539473755718037,0.6697374870826136,5.279322471562237,1.6068712128877354
Illness_pred=24,AutonLab/MOMENT-1-small,simpleAE,7,5,512,24,1,64,0.001,32,0.1,62.59187865257263,8866,0.8124731584571093,0.6945412096450836,5.297066582986787,1.5828025040290548
Illness_pred=24,AutonLab/MOMENT-1-small,simpleAE,7,5,512,24,2,64,0.0001,64,0.1,122.61975932121277,8866,0.7537117059598498,0.6687881092142837,5.791390756901707,1.6514759896684275
Illness_pred=24,AutonLab/MOMENT-1-small,simpleAE,7,5,512,24,1,64,0.001,64,0.01,66.31221175193787,8866,0.9191541756399552,0.745809886991443,5.655323132840246,1.6641439685776818
Illness_pred=24,AutonLab/MOMENT-1-small,simpleAE,7,5,512,24,1,128,0.0001,32,10.0,155.0769853591919,8866,0.8566435437066227,0.7277566758604254,5.150035696977334,1.6411335780021015
Illness_pred=24,AutonLab/MOMENT-1-small,simpleAE,7,5,512,24,2,128,0.001,64,10.0,29.950994729995728,8866,0.7915739652510808,0.6725434496471521,5.168074037132169,1.5775043564042723
Illness_pred=24,AutonLab/MOMENT-1-small,simpleAE,7,5,512,24,2,128,0.001,32,1.0,41.988425493240356,8866,0.7815197483983185,0.677142095766424,5.834653863350528,1.6582646047844156
Illness_pred=24,AutonLab/MOMENT-1-small,simpleAE,7,5,512,24,1,64,0.001,32,1.0,61.28085255622864,8866,0.7982361773632022,0.7030477957520926,4.593532509600086,1.5314219173401702
Illness_pred=24,AutonLab/MOMENT-1-small,simpleAE,7,5,512,24,2,64,0.0001,32,0.01,151.88046431541443,8866,0.7655663757525485,0.6676714238087147,5.118189793558215,1.6031609480922893
Illness_pred=24,AutonLab/MOMENT-1-small,simpleAE,7,5,512,24,1,64,0.001,64,1.0,68.58905553817749,8866,0.9351921409488758,0.74563671675066,6.087132663155106,1.7281227375631842
Illness_pred=24,AutonLab/MOMENT-1-small,simpleAE,7,5,512,24,1,64,0.0001,64,0.01,148.72332739830017,8866,0.8425549344900125,0.717867802910023,5.258512045253608,1.601243123600371
Illness_pred=24,AutonLab/MOMENT-1-small,simpleAE,7,5,512,24,1,64,0.01,64,10.0,31.17255735397339,8866,0.7102613328973624,0.6606820982301252,4.819986570517032,1.560427415989999
Illness_pred=24,AutonLab/MOMENT-1-small,simpleAE,7,5,512,24,1,64,0.001,64,1.0,44.95357370376587,8866,0.9157258862240092,0.7383351366053091,5.48264725420221,1.632998685202453
Illness_pred=24,AutonLab/MOMENT-1-small,simpleAE,7,5,512,24,1,64,0.01,64,0.1,29.347713470458984,8866,0.7880390827115701,0.681043899141103,4.935168249551047,1.5038575638725558
Illness_pred=24,AutonLab/MOMENT-1-small,simpleAE,7,5,512,24,2,128,0.001,64,0.01,32.00051140785217,8866,0.7682716945156591,0.6731089026352103,5.166368913473858,1.6348244195002382
Illness_pred=24,AutonLab/MOMENT-1-small,simpleAE,7,5,512,24,2,64,0.01,64,10.0,33.15270137786865,8866,0.7762778820969517,0.6764252828385624,5.314249255980876,1.609868998935223
Illness_pred=24,AutonLab/MOMENT-1-small,simpleAE,7,5,512,24,1,64,0.001,32,1.0,83.20457410812378,8866,0.819639772238746,0.6995406465289681,5.749298258680535,1.6584641922837629
Illness_pred=24,AutonLab/MOMENT-1-small,simpleAE,7,5,512,24,2,128,0.001,64,1.0,42.84847974777222,8866,0.8374465426067231,0.6888256868364987,5.859138151771575,1.6646008988445884
Illness_pred=24,AutonLab/MOMENT-1-small,simpleAE,7,5,512,24,2,128,0.001,32,10.0,37.715935707092285,8866,0.6725068505106178,0.6493258096705791,4.9345187544422675,1.5535276642429883
Illness_pred=24,AutonLab/MOMENT-1-small,simpleAE,7,5,512,24,1,64,0.0001,64,1.0,134.87727427482605,8866,0.8942317893446103,0.7412291793905565,5.436788568484989,1.6431830538193917
Illness_pred=24,AutonLab/MOMENT-1-small,simpleAE,7,5,512,24,1,64,0.001,32,0.01,60.32728338241577,8866,0.9467020465137416,0.7479632858596003,6.191322156881451,1.7425405322836187
Illness_pred=24,AutonLab/MOMENT-1-small,simpleAE,7,5,512,24,1,64,0.01,32,0.01,83.54277634620667,8866,0.8294185375665911,0.6915012754013158,5.479838299841547,1.6318989519772586
Illness_pred=24,AutonLab/MOMENT-1-small,simpleAE,7,5,512,24,1,128,0.0001,64,0.1,83.99043798446655,8866,1.0135637838161997,0.7813357771970756,6.174814667828006,1.7431976193885326
Illness_pred=24,AutonLab/MOMENT-1-small,simpleAE,7,5,512,24,1,64,0.0001,32,0.1,269.4522931575775,8866,0.8341609582884117,0.722415223323434,4.6434974519498455,1.5829767155226933
Illness_pred=24,AutonLab/MOMENT-1-small,simpleAE,7,5,512,24,1,64,0.0001,32,1.0,148.38386511802673,8866,0.8931804601805331,0.7346993276106906,5.818297930054857,1.7015069337776414
Illness_pred=24,AutonLab/MOMENT-1-small,simpleAE,7,5,512,24,1,64,0.001,64,0.1,30.390477895736694,8866,0.9196397642010801,0.7454926299341855,5.281103447830975,1.6163711643717797
Illness_pred=24,AutonLab/MOMENT-1-small,simpleAE,7,7,512,24,2,128,0.001,32,0.1,38.09561276435852,8866,0.7481968813691092,0.6667527256344761,5.377282626090516,1.6052732127608544
Illness_pred=24,AutonLab/MOMENT-1-small,simpleAE,7,7,512,24,1,64,0.001,32,0.01,60.40503549575806,8866,0.8078404504549376,0.7093986529954128,5.211079053522272,1.6201315760439585
Illness_pred=24,AutonLab/MOMENT-1-small,simpleAE,7,7,512,24,1,128,0.01,64,1.0,60.36736273765564,8866,0.693496054118706,0.6517251895154186,4.87536552563567,1.5670659115402892
Illness_pred=24,AutonLab/MOMENT-1-small,simpleAE,7,7,512,24,2,128,0.001,32,10.0,22.434669256210327,8866,0.7936486171431689,0.6759935859128229,5.927858845428652,1.6683786299809524
Illness_pred=24,AutonLab/MOMENT-1-small,simpleAE,7,7,512,24,2,128,0.001,64,0.01,49.87199544906616,8866,0.8430405775997891,0.6921224459904012,5.928970138816582,1.667708084520928
Illness_pred=24,AutonLab/MOMENT-1-small,simpleAE,7,7,512,24,1,128,0.01,32,10.0,58.70748734474182,8866,0.77125398539519,0.6728208844635699,5.473913578490939,1.6159316529021575
Illness_pred=24,AutonLab/MOMENT-1-small,simpleAE,7,7,512,24,1,64,0.001,64,0.1,67.64067268371582,8866,0.9009818922293075,0.7385378729024946,5.385073234166585,1.6362545404026048
Illness_pred=24,AutonLab/MOMENT-1-small,simpleAE,7,7,512,24,1,128,0.01,64,10.0,38.039344787597656,8866,0.7567152529426318,0.6627020089076755,5.2499654382790135,1.5629521170470355
Illness_pred=24,AutonLab/MOMENT-1-small,simpleAE,7,7,512,24,1,64,0.001,32,1.0,82.03466749191284,8866,0.9250621783743814,0.7421212707980818,5.118661652058047,1.6586465647093998
Illness_pred=24,AutonLab/MOMENT-1-small,simpleAE,7,7,512,24,2,128,0.001,64,1.0,54.03408241271973,8866,0.8007168474464853,0.678588601208422,5.79207468896679,1.6430155917783564
Illness_pred=24,AutonLab/MOMENT-1-small,simpleAE,7,7,512,24,1,64,0.001,64,10.0,85.92516803741455,8866,0.8310820442100136,0.7137670013948746,5.202224378005911,1.6172343383112224
Illness_pred=24,AutonLab/MOMENT-1-small,simpleAE,7,7,512,24,1,128,0.01,32,1.0,66.4554693698883,8866,0.8631119824809053,0.7043769082072853,5.731600816222043,1.644872327074427
Illness_pred=24,AutonLab/MOMENT-1-small,simpleAE,7,7,512,24,1,64,0.001,64,0.01,68.01653528213501,8866,0.9215512559615108,0.7437592035462295,5.765396664186295,1.672139537948297
Illness_pred=24,AutonLab/MOMENT-1-small,simpleAE,7,7,512,24,1,64,0.001,64,1.0,36.926247119903564,8866,0.8262756108484557,0.7177851537288408,5.46801836929299,1.6877150753244945
Illness_pred=24,AutonLab/MOMENT-1-small,simpleAE,7,7,512,24,2,64,0.01,32,0.1,32.7116117477417,8866,0.7471415646336638,0.6591102255657049,5.521643787918402,1.6075641049430986
Illness_pred=24,AutonLab/MOMENT-1-small,simpleAE,7,7,512,24,2,64,0.01,64,0.01,61.63003897666931,8866,0.6741169023814542,0.6537359349587689,5.746976379203379,1.6451133538550087
Illness_pred=24,AutonLab/MOMENT-1-small,simpleAE,7,7,512,24,1,64,0.001,32,0.1,114.04629015922546,8866,0.7388306407083672,0.6762415447360863,4.711650700144665,1.6007211803303492
Illness_pred=24,AutonLab/MOMENT-1-small,simpleAE,7,7,512,24,1,128,0.0001,64,0.1,146.78465366363525,8866,0.9287428469404192,0.7560317686271709,5.36695011617891,1.6397331025516417
Illness_pred=24,AutonLab/MOMENT-1-small,simpleAE,7,7,512,24,1,64,0.001,32,1.0,79.72778701782227,8866,0.888279710427044,0.7307961519766236,5.160925162789201,1.6250353316109405
Illness_pred=24,AutonLab/MOMENT-1-small,simpleAE,7,7,512,24,2,64,0.0001,32,1.0,143.33716583251953,8866,0.8145460722097524,0.6876536161250385,5.513146976650013,1.6264676861944636
Illness_pred=24,AutonLab/MOMENT-1-small,simpleAE,7,7,512,24,2,64,0.0001,64,1.0,173.06571412086487,8866,0.7773007396408815,0.6658446936031448,6.025308973095341,1.689019328848882
Illness_pred=24,AutonLab/MOMENT-1-small,simpleAE,7,7,512,24,1,128,0.0001,32,0.1,161.02137088775635,8866,0.9661665268440114,0.7658280328434726,5.891912828481501,1.7245249105338274
Illness_pred=24,AutonLab/MOMENT-1-small,simpleAE,7,7,512,24,1,128,0.0001,32,0.1,267.2191696166992,8866,0.9175719817396014,0.7414582978030251,5.637338898324081,1.6573249586948835
Illness_pred=24,AutonLab/MOMENT-1-small,simpleAE,7,7,512,24,1,128,0.01,32,1.0,48.63167977333069,8866,0.8205094430837501,0.6961542491113439,5.99867179949466,1.6876469035044515
Illness_pred=24,AutonLab/MOMENT-1-small,simpleAE,7,7,512,24,2,128,0.001,32,1.0,41.3311653137207,8866,0.7584596310981664,0.6646585260855423,5.0147653376744366,1.6032190657792673
Illness_pred=24,AutonLab/MOMENT-1-small,simpleAE,7,7,512,24,2,64,0.01,32,1.0,22.641690731048584,8866,0.6904152066274616,0.6460427986356656,4.910575841248989,1.536081032193336
Illness_pred=24,AutonLab/MOMENT-1-small,simpleAE,7,7,512,24,1,128,0.0001,64,0.1,222.1015181541443,8866,0.9152183039122767,0.7460744105172855,5.918242789344497,1.7145767133271872
Illness_pred=24,AutonLab/MOMENT-1-small,simpleAE,7,7,512,24,1,128,0.01,32,0.1,56.826454877853394,8866,0.7212635537438703,0.6589247976250516,4.873617962601128,1.6102273967250882
Illness_pred=24,AutonLab/MOMENT-1-small,simpleAE,7,7,512,24,2,64,0.01,64,1.0,26.832215070724487,8866,0.706566062072344,0.6470403354413475,4.898196790644286,1.5417104552628302
Illness_pred=24,AutonLab/MOMENT-1-small,simpleAE,7,7,512,24,1,128,0.01,64,0.1,41.67927122116089,8866,0.7896849553266752,0.6720331865876661,5.4495835121093075,1.5756446151734684
Illness_pred=24,AutonLab/MOMENT-1-small,simpleAE,7,7,512,24,1,128,0.01,64,0.1,74.18469214439392,8866,0.7481396480418611,0.6596907952567234,5.055861206108534,1.5726451523843294
Illness_pred=24,AutonLab/MOMENT-1-small,simpleAE,7,7,512,24,1,128,0.01,64,0.1,64.69584107398987,8866,0.7087264397140872,0.6546755862825568,4.8410855107359625,1.5706290014176698
Illness_pred=24,AutonLab/MOMENT-1-small,simpleAE,7,7,512,24,1,128,0.0001,32,10.0,144.08958435058594,8866,0.9329407155761764,0.7542514246080062,5.272854332084094,1.6293062134248228
Illness_pred=24,AutonLab/MOMENT-1-small,simpleAE,7,7,512,24,2,64,0.0001,32,0.01,105.25671887397766,8866,0.8053473422598251,0.6867161113319471,5.838597768689746,1.662961758308073
Illness_pred=24,AutonLab/MOMENT-1-small,simpleAE,7,7,512,24,1,128,0.0001,64,1.0,180.08809781074524,8866,0.8986269250909734,0.7381964715686382,5.7944919350395185,1.6866408608674357
Illness_pred=24,AutonLab/MOMENT-1-small,simpleAE,7,7,512,24,2,64,0.0001,64,0.1,220.6534562110901,8866,0.7119748613849874,0.6505936695929907,5.430356409946961,1.6318735765828518
Illness_pred=24,AutonLab/MOMENT-1-small,simpleAE,7,7,512,24,1,128,0.0001,64,10.0,107.18994283676147,8866,0.9143752520328009,0.7385540720945596,5.334042935269808,1.6264083151498916
Illness_pred=24,AutonLab/MOMENT-1-small,VAE,7,1,512,24,1,64,0.001,64,1.0,10.964855194091797,23855,0.8740744834293239,0.7302047555183084,6.029663309217524,1.7265954714792426
Illness_pred=24,AutonLab/MOMENT-1-small,VAE,7,1,512,24,1,128,0.01,32,0.1,9.009379386901855,23855,0.7920999597388134,0.6778401313717978,5.539126481664459,1.6186284067365018
Illness_pred=24,AutonLab/MOMENT-1-small,VAE,7,1,512,24,1,128,0.01,64,0.1,4.773394346237183,23855,0.7605545997724392,0.6677518192167358,5.3601656589877935,1.5849121005495403
Illness_pred=24,AutonLab/MOMENT-1-small,VAE,7,1,512,24,2,64,0.0001,32,0.1,33.039095401763916,23855,0.7281359560777082,0.6699814546283648,5.317532657102175,1.6037874414651418
Illness_pred=24,AutonLab/MOMENT-1-small,VAE,7,1,512,24,2,64,0.0001,64,0.01,38.441460847854614,23855,0.7221701660855827,0.6713772604220481,5.328790778101771,1.6099766949498422
Illness_pred=24,AutonLab/MOMENT-1-small,VAE,7,1,512,24,2,64,0.01,32,1.0,10.861612319946289,23855,0.7225047277833291,0.6665774242925886,5.314591709430578,1.600485702242526
Illness_pred=24,AutonLab/MOMENT-1-small,VAE,7,1,512,24,1,64,0.001,32,1.0,23.732760429382324,23855,0.7812287779402711,0.6819575919837771,5.534769068113459,1.6348159044378567
Illness_pred=24,AutonLab/MOMENT-1-small,VAE,7,1,512,24,1,64,0.001,64,0.01,10.75510835647583,23855,0.8729785073347993,0.7384964930481798,6.041234122026173,1.7392471636729663
Illness_pred=24,AutonLab/MOMENT-1-small,VAE,7,1,512,24,1,128,0.0001,32,10.0,21.36211085319519,23855,0.9671058743490799,0.7693096269419246,6.36073471925883,1.7812993506014227
Illness_pred=24,AutonLab/MOMENT-1-small,VAE,7,1,512,24,2,64,0.01,64,1.0,6.165477275848389,23855,0.7204024639978547,0.661971378100055,5.220380848644162,1.5795344287364772
Illness_pred=24,AutonLab/MOMENT-1-small,VAE,7,1,512,24,1,64,0.001,32,0.1,16.12786316871643,23855,0.9400012732994567,0.7772531601899269,6.226262723767061,1.7746454640730247
Illness_pred=24,AutonLab/MOMENT-1-small,VAE,7,1,512,24,1,128,0.0001,64,1.0,22.847713232040405,23855,1.0780795646090977,0.8133267283659362,6.538995270240646,1.8158753231461497
Illness_pred=24,AutonLab/MOMENT-1-small,VAE,7,1,512,24,1,64,0.001,64,0.1,5.26737117767334,2080,0.9829425114551212,0.7794834474672455,6.415130645726717,1.808295725399321
